Name,Rating,Review,Sentiment
Äáº·ng TÃ´,4 stars,"NÄƒm ngoÃ¡i tá»›i Ä‘Ã¢y gá»i 4 cá»¥c ra Äƒn mÃ  cá»¥c nÃ o cá»¥c náº¥y teo riáº¿t nhÆ° con gÃ  con mÃ  má»™t cá»¥c 36k chá»© ráº» Ä‘Ã¢u nÃªn tá»« Ä‘Ã³ khÃ´ng Äƒn KFC ná»¯a mÃ  báº¡n mÃ¬nh thÃ¬ thÃ¨m KFC quÃ¡ nÃªn dá»‹p khuyáº¿n mÃ£i 88k (3 cá»¥c gÃ  vá»›i má»™t bÃ¡nh trá»©ng) mÃ¬nh tá»›i Äƒn láº¡i. GÃ  chiÃªn sáº¯p sáºµn nhiá»u nhÆ°ng Ä‘Æ¡n mÃ¬nh bá»‹ sÃ³t chá» 10' vÃ´ há»i thÃ¬ má»›i Ä‘em ra. MÃ¬nh cÅ©ng Äƒn sÆ°Æ¡ng sÆ°Æ¡ng vÃ i miáº¿ng thÃ´i do gÃ  á»Ÿ Ä‘Ã¢y Äƒn loáº¡i gÃ  cay ngon mÃ  miáº¿ng gÃ  nÃ³ Ä‘áº«m dáº§u Äƒn quÃ¡ nÃªn há»“i nÃ o Äƒn gÃ  á»Ÿ Ä‘Ã¢y 2 miáº¿ng auto buá»“n nÃ´n, sÃ¢y sáº©m máº·t mÃ y cÃ³ láº§n bá»‹ náº·ng quÃ¡ pháº£i mÃ³c há»ng Ã³i má»›i háº¿t.",positive
Má»¹ Trinh Tráº§n Äáº·ng,5 stars,MÃ¬nh lÃ  má»™t fan cá»§a KFC. ÄÃ£ Ä‘i Äƒn ráº¥t nhiá»u chi nhÃ¡nh nhÆ°ng Ä‘Ã¢y lÃ  chi nhÃ¡nh mÃ¬nh thÃ­ch nháº¥t. NhÃ¢n viÃªn ráº¥t nhiá»‡t tÃ¬nh vÃ  luÃ´n Ä‘Ã¡p á»©ng mong muá»‘n cá»§a khÃ¡ch hÃ ng má»™t cÃ¡ch chu Ä‘Ã¡o nháº¥t. Cháº¯c cháº¯n mÃ¬nh sáº½ quay láº¡i Ä‘Ã¢y Ä‘á»ƒ sá»­ dá»¥ng dá»‹ch vá»¥ vÃ  thÆ°á»Ÿng thá»©c nhá»¯ng miáº¿ng gÃ  ngon táº¡i nÆ¡i nÃ y.,positive
Khue Nguyen,5 stars,"MÃ¬nh ghÃ© KFC vá»›i gia Ä‘Ã¬nh vÃ o buá»•i trÆ°a, khÃ´ng gian sáº¡ch, nhÃ¢n viÃªn nhiá»‡t tÃ¬nh vÃ  chu Ä‘Ã¡o. GÃ  rÃ¡n giÃ²n, ngon vÃ  ko bá»‹ ngáº¥y dáº§u. Highly recommend chi nhÃ¡nh nÃ y vÃ¬ phong Ä‘á»™ ráº¥t á»•n Ä‘á»‹nh ğŸ‘ğŸ»",positive
Nguyá»‡n LÃª,5 stars,"KhÃ´ng gian mÃ¡t máº», sáº¡ch sáº½ , thiáº¿t káº¿ Ä‘áº¹p. Quan trá»ng lÃ  gÃ  ngon nhá»©c nÃ¡chhhhh. NÃªn thá»­ nha mÃ­ báº¡n Æ¡iiii . BÃ¡nh trá»©ng thÃ¬ khá»i nÃ³i hÃ¬, Ä‘á»‰nh cá»§a chÃ³p luÃ´nnnnnn ğŸ¥°ğŸ¥°ğŸ¥°",positive
TrÃ´ng HÃ²ang,5 stars,"Tráº£i nghiá»‡m ráº¥t tuyá»‡t vá»i nhÃ¢n viÃªn phá»¥c vá»¥ nhiá»‡t tÃ¬nh, gÃ  rÃ¡n ngon giÃ²n ráº¥t chi lÃ  thÃ­ch KFC, fan cá»©ng KFC 10 nÄƒm .",positive
Hai Phamvan,5 stars,"gÃ  ngon, Ä‘á»“ Äƒn Ä‘Æ°á»£c lÃ m nhanh, ráº¥t thÃ­ch sáº½ á»§ng há»™",positive
Luu Khai,5 stars,Ráº¥t ngon gÃ  giÃ²n kh bá»‹ ngÃ¡n náº¿u cÃ³ dá»‹p du lá»‹ch trá» láº¡i Ä‘Ã  náºµng mÃ¬nh sáº½ ghÃ© láº¡i KFC nguyá»…n vÄƒn thoáº¡i cÃ²n ngÆ°á»i Ä‘Ã£ nnwgx ráº¥t thÃ¢n thiá»‡n very niceeeee!!!,positive
Minh Duc Nguyen,5 stars,"The Bun Ca next to KFC is a perfect alternative. Broth: 10, fish: 10, service: 8 (not many tables available). Price is reasonable, around 40.000 vnd to 50.000 vnd for a bowl of fresh fish from the ocean",positive
Dim. Nguyen,5 stars,"GÃ  vÃ  mÃ¬ Ã½ ráº¥t ngon, khi Ä‘em ra nhiá»u pháº§n nhÆ°ng váº«n cÃ²n ráº¥t nÃ³ng.",positive
Pháº¡m Quang Lá»£i,2 stars,"á»’n Ã o, khÃ´ng gian quÃ¡ nhá», máº¥t tráº­t tá»± vÃ  lá»™n xá»™n!",negative
Ä‘á»©c nguyá»…n,5 stars,"GÃ  ngon, buá»•i trÆ°a Äƒn cÆ¡m gÃ  quay á»Ÿ Ä‘Ã¢y ráº¥t ngon miá»‡ng, sáº½ á»§ng há»™",positive
Nguyá»…n Thá»‹ Ngá»c Ã,5 stars,"Äá»“ Äƒn ngon quÃ¡ xÃ¡, mÃ¡t máº», ráº¥t okğŸ¤œğŸ»",positive
Nguyá»‡t DÆ°Æ¡ng,5 stars,"QuÃ¡n náº±m trÃªn con Ä‘Æ°á»ng du lá»‹ch, khÃ´ng gian rá»™ng rÃ£i, sáº¡ch sáº½ thoÃ¡ng mÃ¡t.
NhÃ¢n viÃªn phá»¥c vá»¥ nhiá»‡t tÃ¬nh.
Äá»“ Äƒn thÃ¬ khÃ´ng bÃ n rá»“i, nÃ³ há»£p kháº©u vá»‹ vá»›i mÃ¬nh vÃ  giÃ¡ cáº£ khÃ´ng quÃ¡ cao",positive
Gia Báº£o Huá»³nh Nguyá»…n,1 star,"QuÃ¡n Ä‘ang tá»• chá»©c sinh nháº­t cho máº¥y Ä‘á»©a nhá» vÃ  tá»¥i nÃ³ rÃ© ráº¥t á»“n, nhiá»u hÃ´m tá»¥i nhá» cÃ²n cháº¡y nháº£y Ä‘Ã¹a giá»¡n lÃ m áº£nh hÆ°á»Ÿng tá»›i ngÆ°á»i khÃ¡c

MÃ¬nh thiáº¿t nghÄ© náº¿u quÃ¡n cÃ³ nháº­n tá»• chá»©c tiá»‡c thÃ¬ nÃªn cÃ³ 1 phÃ²ng riÃªng cÃ¡ch Ã¢m dÃ nh cho trÆ°á»ng há»£p nÃ y.",negative
Lá»¢I PHÃ™NG Táº¤N,5 stars,NhÃ  hÃ ng sáº¡ch sáº½ gÃ  ngon tuyá»‡t vá»i,positive
PhÆ°Æ¡ng Nguyá»…n thá»‹,5 stars,"VÃ´ cÃ¡i lÃ  thÃ­ch cÃ¡i khÃ´ng khÃ­ nhá»™n nhá»‹p liá»n, nhÃ¢n viÃªn nháº¹ nhÃ ng tÆ° váº¥n kÄ©, thÃ­ch cÃ¡i cÃ¡ch nhÃ¢n viÃªn khÃ´ng há»‘i lÃ m loáº¡n khÃ¡ch. NÃ³i chuyá»‡n dá»… hiá»ƒu, gÃ  ngon láº¯m luÃ´n. Tui tháº¥y Ä‘Æ°á»£c sá»± Æ°u tiÃªn á»Ÿ KFC chi nhÃ¡nh nÃ y nha. ğŸ¥°ğŸ¥° sáº½ ghÃ© Äƒn thÆ°á»ng xuyÃªnğŸ˜",positive
PhucCuong Le,1 star,"nhÃ¢n viÃªn quÃ¡ thiáº¿u chuyÃªn nghiá»‡p, khÃ¡ch Ä‘i mua thÃªm kem cÃ²n Ä‘á»ƒ Ä‘á»“ mÃ  Ä‘Ã£ dá»n sáº¡ch bÃ n. CÃ³ thá»ƒ quÃ¡n Ä‘Ã´ng muá»‘n dá»n nhanh nhÆ°ng cáº§n quan sÃ¡t ká»¹ trÆ°á»›c khi lÃ m.",negative
Quynh ngan Van,5 stars,Äá»“ Äƒn ngon cÃ¡c báº¡n nhÃ¢n viÃªn nhiá»‡t tÃ¬nh mÃ¬nh laf khÃ¡ch du lá»‹ch tá»« hÃ  ná»™i vÃ o vÃ  mÃ¬nh tháº¥y cÃ¡c báº¡n thÃ¢n thiá»‡n mÃ¬nh ráº¥t thÃ­ch Ä‘Ã  náºµng,positive
nhuhoa Nguyenthi,1 star,"Ráº¥t khÃ´ng hÃ i lÃ²ng vá» thÃ¡i Ä‘á»™ phá»¥c vá»¥ cá»§a nhÃ¢n viÃªn,cÃ³ nghe ngÆ°á»i báº¡n nÃ³i trÆ°á»›c, nhÆ°ng hÃ´m qua trá»±c tiáº¿p tráº£i nghiá»‡m má»›i biáº¿t cáº£m giÃ¡c,Ä‘i Äƒn mÃ  chuá»‘c bá»±c vÃ o ngÆ°á»£c,sáº½ khÃ´ng bao giá» á»§ng há»™ ná»¯a ğŸ˜¡ğŸ˜¡ğŸ˜¡",negative
Ngá»c Ã,5 stars,"GÃ  á»Ÿ Ä‘Ã¢y ngon, tÃ´i ráº¥t thÃ­ch",positive
Chicken Graphic,5 stars,"Äá»“ Äƒn ngon, nhÃ¢n viÃªn nhiá»‡t tÃ¬nh. GiÃ¡ cáº£ cÅ©ng á»•n. Gia Ä‘Ã¬nh tÃ´i ráº¥t hÃ i lÃ²ng má»—i khi tráº£i nghiá»‡m Äƒn uá»‘ng á»Ÿ Ä‘Ã¢y.",positive
Thá»‹ Má»¹ Háº¡ Nguyá»…n,5 stars,"NhÃ¢n viÃªn tÆ° váº¥n nhiá»‡t tÃ¬nh, luÃ´n Ä‘á»ƒ Ã½ há»— trá»£  khÃ¡ch hÃ ng, khÃ´ng gian thoÃ¡ng mÃ¡t, sáº¡ch sáº½, Ä‘á»“ Äƒn thÃ¬ cháº¥t lÆ°á»£ng khá»i pháº£i bÃ n",positive
Khang Nguyá»…n Duy,5 stars,"KhÃ´ng gian thoÃ¡ng mÃ¡t, gÃ  ngon, decor Ä‘áº¹p",positive
Vy Tráº§n,5 stars,"KhÃ´ng gian thoÃ¡ng Ä‘Ã£ng, mÃ¡t máº», phá»¥c vá»¥ nhanh, Ä‘á»“ Äƒn ngon, tÆ°Æ¡ng xá»©ng vá»›i giÃ¡ tiÃªnd. Triá»‡u tim",positive
Vitaly Bayerov,1 star,"It took them 38 min to make one burger and three chicken wings. Monday late afternoon it was not busy at all. Other customers waited long time too.

Tables are dirty, sauces are out, sanitizer out. The employees are standing around doing nothing. The place is a mess!

The food was the worst in Vietnam! Zinger burger was just soggy chicken with lettuce tomato and mayo. I thought it was supposed to be zesty and crispy but it was nothing like that not zesty not crispy.
Chicken wings were garbage too.
Shrimp burger was not available.",negative
Sleep Time,4 stars,"many people speak English here,
they accept credit cards.
spicy chicken is not very spicy.
teriyaki bowl is the best item on the menu in my opinion.",positive
ducthinh do,5 stars,"QuÃ¡n gÃ  nÃ y gáº§n nhÃ  mÃ¬nh, ngon nha má»i ngÆ°á»i Æ¡i.  GÃ  giáº¥y báº¡c ngon xá»‰u up xá»‰u down luÃ´n Ä‘Ã³ ğŸ«¶",positive
Phan Thá»‹ Tháº£o NgÃ¢n,5 stars,"KhÃ´ng gian rá»™ng rÃ£i thoÃ¡ng mÃ¡t, nhÃ¢n viÃªn thÃ¢n thiá»‡n, vui váº», Ä‘áº·c biá»‡t gÃ  rÃ¡n ráº¥t ngon.",positive
PhÆ°Æ¡ng Myc,1 star,"9h tá»‘i 10/7 mÃ¬nh mua mang vá» 1 combo gá»“m 1 gÃ , 1 burger , 1 khoai , 1 pepsi . Nv giao thiáº¿u gÃ  cho mÃ¬nh . LÃºc Ä‘i Ä‘Ã£ há»i láº¡i nv vÃ¬ báº¡n áº¥y buá»™c sáºµn tÃºi . MÃ¬nh vá»™i nÃªn cáº§m Ä‘i luÃ´n . ÄÃ£ há»i check láº¡i Ä‘á»“ xem Ä‘á»§ chÆ°a mÃ  váº«n giao thiáº¿u ğŸ˜¡ Con muá»‘n Äƒn gÃ  nÃªn mua nguyÃªn combo vá» thiáº¿u Ä‘Ãºng gÃ  . BÃ³ tay",negative
Santos Aldy,1 star,"NhÆ° má»™t cÃ¡i chá»£, vá»›i cÃ¡i tiá»‡c sinh nháº­t vÃ´ cÃ¹ng á»“n Ã o. VÃ¬ sao khÃ´ng cÃ³ má»™t phÃ²ng riÃªng Ä‘á»ƒ dÃ nh party. áº¢nh hÆ°á»Ÿng Ä‘áº¿n cÃ¡c bÃ n khÃ¡c. Láº§n Ä‘áº§u Ä‘áº¿n Ä‘Ã¢y vÃ  khÃ´ng bao giá» Ä‘áº¿n ná»¯a. Khuyáº¿n cÃ¡o chá»n KFC khÃ¡c náº¿u báº¡n muá»‘n cÃ³ bá»­a Äƒn vui váº» vá»›i gia Ä‘Ã¬nh, á»“n Ã o láº¯m.",negative
QuÃ¢n Trá»‹nh,5 stars,"KFC egg tarts are the best among other fastfood chain. Located in central DaNang, spacious and supportive staff. After ordering your food, there is a screen showing your order number, quite a new experience in Vietnam located fast-food place.",positive
nguyá»…n HoÃ ng july,5 stars,MÃ³n Äƒn ngon phá»¥c vá»¥ nhanh good job nhÃ¢n viÃªn thÃ¢n thiá»‡n náº¿u cÃ³ coe há»™i sáº½ wuay láº¡i,positive
KhÃ¡nh ToÃ n Phan,5 stars,Phá»¥c vá»¥ tá»‘t nhÃ  hÃ ng sáº¡ch Ä‘á»“ Äƒn ngon nÃ³i chung khÃ´ng cÃ³ gÃ¬ Ä‘á»ƒ chÃª cáº£ ğŸ‘,positive
TÃ´ VÄƒn Háº­u,5 stars,"cá»­a hÃ ng sáº¡ch sáº½, nhÃ¢n viÃªn nhiá»‡t tÃ¬nh, Ä‘á»“ Äƒn lÃ m nhanh, nÃ³ng, ngon, quáº£n lÃ½ dá»… thÆ°Æ¡ng",positive
Háº£i LÃª,5 stars,"nhÃ¢n viÃªn nhiá»‡t tÃ¬nh, thá»©c Äƒn ngon,khÃ´ng gian sáº¡ch sáº½ ráº¥t OK!!",positive
dat dang,5 stars,ThÃ­ch máº¥y báº¡n nhÃ¢n viÃªn xinh láº¡i cÃ²n dá»… thÆ°Æ¡ng lÃ m Ä‘á»“ Äƒn nhanh ngon,positive
Hoang Doan Nguyen,2 stars,"KhÃ´ng gian thoÃ¡ng Ä‘Ã£ng mÃ¡t máº». NhÃ  vá»‡ sinh thÆ°á»ng xuyÃªn hÆ°.
NhÃ¢n viÃªn cÃ³ thÃ¡i Ä‘á»™ khinh ngÆ°á»i khi thanh toÃ¡n. Pháº£i há»i láº¡i nhiá»u láº§n.",negative
Nguyá»‡t Huá»³nh,1 star,"Ko nháº­n ck, ko chá»‹u bÃ¡n combo trÃªn báº£ng ca tá»‘i 22h ngÃ y 25/7",negative
Thao Nguyen,3 stars,"Prefer the KFC in Lotte than here. Always slow in the noon time though it's less busy than in the evening.
The staff are polite however definitely need to improve especially the kitchen.",negative
Háº¡nh Nguyá»…n Má»¹,5 stars,MÃ³n Äƒn ngon hÆ°Æ¡ng vá»‹ tuyá»‡t vá»i nhÃ¢n viÃªn thÃ¢n thiá»‡n take care tá»‘t !!!,positive
TÃ i ÄoÃ n vÄƒn,5 stars,Ráº¥t thÃ­ch Ä‘á»“ Äƒn nhÃ¢n viÃªn vÃ  phong cÃ¡ch phá»¥c vá»¥ sáº½ quay láº¡i,positive
AMC Moon,2 stars,"The chicken was a bit cold, but fine ok, I can deal with it. The mashed potatoes? What mashed potatoes? It was 90% gravy and 10% potatoes. It was pretty much just gravyâ€¦what is going on with this place?
And the pink hair lady kept yelling the whole time I was there and I donâ€™t understand why. Seeing other reviews where people have also gotten sick. The regional manager has to do an inspection here, badly.",negative
Äinh Thá»‹ HoÃ ng NgÃ¢n 48K30-,1 star,"Má»™t báº¡n nhÃ¢n viÃªn ná»¯ thiáº¿u tÃ´n trá»ng khÃ¡ch hÃ ng, Ä‘ang ngá»“i Äƒn mÃ  báº¡n láº¡i bÃ n mÃ¬nh Ä‘á»©ng, trÆ°á»›c máº·t tá»¥i mÃ¬nh ghi ghi cÃ¡i gÃ¬ Ä‘áº¥y vÃ o sá»• cá»§a báº¡n,coi nhÆ° mÃ¬nh tÃ n hÃ¬nh vÃ  cÅ©ng khÃ´ng nÃ³i cÃ¢u xin phÃ©p nÃ o.  CÃ²n sinh nháº­t thÃ¬ á»“n nhÆ° cÃ¡i chá»£, nÃªn lÃ m phÃ²ng riÃªng Ä‘á»ƒ khÃ´ng áº£nh hÆ°á»Ÿng khÃ¡ch hÃ ng ğŸ‘ğŸ‘ â€¦",negative
Mary Ha,4 stars,Small meal for KFC but was pretty decent for the price. I also enjoyed a good show watching the mascot of KFC dance at the venue.,positive
Le Tran Tu Linh,5 stars,"GÃ  thÆ¡m ngon, nhÃ¢n viÃªn dá»… thÆ°Æ¡ng, khÃ´ng gian sáº¡ch sáº½",positive
Tuyá»n Pháº¡m,5 stars,Dáº«n 2 bÃ© Ä‘áº¿n Äƒn ráº¥t vui vÃ  ngon,positive
hungto Duong,5 stars,QuÃ¡ tuyá»‡t vá»i tá»« nhÃ¢n viÃªn Ä‘áº¿n quáº£n lÃ½ danbf Ä‘iá»m cá»™ng cho á»Ÿ nhÃ¢n viÃªn,positive
Da nang I love,4 stars,"TrÆ°á»›c giá» mÃ¬nh khÃ´ng thÃ­ch Äƒn cÆ¡m gÃ  táº¡i  KFC, Jollibey... NhÆ°ng hÃ´m nay vÃ¬ muá»‘n Ä‘á»•i giÃ³ tháº¿ lÃ  liá»u thá»­ xem nhÆ° nÃ o ai ngá» ngoÃ i sá»©c tÆ°á»Ÿng tÆ°á»£ng khÃ¡ lÃ  ngon nha má»i ngÆ°á»i vÃ  cÃ¡ch thá»©c Ä‘Ã³ng gÃ³i vÃ´ cÃ¹ng tiá»‡n dÃ¹ng cÃ³ há»™p Cute dá»… mang Äi Äƒn á»Ÿ má»i nÆ¡i. GÃ  má»m vÃ  ngá»t gÃ³i náº¥u giáº¥y báº¡c nÃªn giá»¯ Ä‘Æ°á»£c hÆ°Æ¡ng vá»‹ vá»‘n cÃ³ OK mÃ¬nh sáº½ Äƒn dÃ i dÃ i nÃ¨",positive
Trang Nguyá»…n ThÃ¹y,5 stars,GÃ  á»Ÿ kfc nguyá»…n vÄƒn thoáº¡i siÃªu ngonğŸ¤¤ğŸ¤¤ phá»¥c vá»¥ tá»‘t,positive
Duc Ngo,5 stars,GÃ  ngon tuyá»‡t vá»i,positive
Quá»³nh Tráº§n,5 stars,"10/10 tuyá»‡t vá»i, gÃ  nÃ³ng giÃ²n ráº¥t ngon",positive
Changiee Vlogs,5 stars,I'ma KFC lover and it was my first KFC in Vietnam. It was worth it especially the Egg Tart. Very flaky and creamy.,positive
Thá»‹ Yáº¿n Nhi Nguyá»…n,5 stars,Ngon mÃ¡t máº» nhÃ¢n viÃªn phá»¥c vá»¥ chu daod,positive
Nghia Truong,5 stars,"KhÃ´ng gian thoÃ¡ng sáº¡ch sáº½
NhÃ¢n viÃªn dá»… thÆ°Æ¡ng nhiá»‡t tÃ¬nh",positive
Hai Hoang,5 stars,Ngon nháº¥t trong cÃ¡c thÆ°Æ¡ng hiá»‡u gÃ  rÃ¡n,positive
Phan XuÃ¢n Ngá»c An Phan,5 stars,NhÃ¢n viÃªn á»Ÿ Ä‘Ã¢y ráº¥t dá»… thÆ°Æ¡ng,positive
Huy,5 stars,"NhÃ¢n viÃªn thÃ¢n thiá»‡n, Ä‘á»“ Äƒn ngon.",positive
Michael Truong,5 stars,"MÃ³n Äƒn ngon, nhÃ¢n viÃªn nhiá»‡t tÃ¬nh",positive
Kiáº¿n thá»©c Thá»±c hÃ nh Thá»­ nghiá»‡m,5 stars,"Ráº¥t tá»‘t.! Äá»™i ngá»§ nhÃ¢n viÃªn chuyÃªn nghiá»‡p, nÄƒng Ä‘á»™ng, nhiá»‡t tÃ¬nh.",positive
Phuong Tran Thi,5 stars,Äá»“ Äƒn ngon. Ráº¥t thÃ­ch ráº¥t mÃªğŸ˜ğŸ˜,positive
Come with Chris,1 star,"Staff don't listen, bring wrong order two times!

Have to return to counter twice to get correct order, only to get attitude from the manager!

Worst customer service ever!

Don't go here!",negative
Sen Tá»« Thá»‹,5 stars,"Kfc mÃ³n Äƒn tuá»•i thá»Ÿ, ngon cháº¥t lÆ°á»£ng.",positive
Tomoco F,1 star,"Shock and confusion.
The worst food I've eaten in Vietnam.
Chicken has no taste.Is this really KFCï¼Ÿ
They may have just bought the sign...

And very very noisy.(children's birthday party)
Never again.",negative
thy pháº¡m,5 stars,"NhÃ¢n viÃªn thÃ¢n thiá»‡n
MÃ³n Äƒn háº¥p dáº«n",positive
Há»“ng Nguyá»…n,5 stars,"I love the food here, and the staff is very friendly :3",positive
Mai DÅ©ng,4 stars,"K ngon láº¯m, canh nháº¡t, cÆ¡m dáº»o ngon",positive
TÃ¢m Pháº¡m,5 stars,"Ngon. Tuyá»‡t vá»i
NhÃ¢n viÃªn cute ğŸ¥° thÃ¢n thiá»‡n sáº½ quay láº¡i nhiá»u láº§n",positive
Kim Yáº¿n,5 stars,"10 Ä‘iá»ƒm, tÃ´i sáº½ tiáº¿p tá»¥c á»§ng há»™",positive
Tyler Guyett,4 stars,"It's KFC.

But there is a huge dining room, tins of seating, good bathrooms, and pretty convenient location.

The Nguyen Van Thoai KFC does offer menu items and combos not offered by Lottemart's KFC or by the Grab App.",positive
Anna beauty Shop,5 stars,"GÃ  ok, hic má»—i tá»™i buá»•i tá»‘i cÃ³ tiá»‡c ráº¥t á»“n Ã o",positive
y huynhphamnhu,5 stars,"Tráº£i nghiá»‡m xuáº¥t sáº¯c , tiá»‡c sinh nháº­t vui",positive
Sunil K,1 star,"Tasteless chicken, lacking any spices. Think chicken coated in bread crumbs - that's what this place is like. The Colonel would be rolling in his grave!",negative
Julian Phan,1 star,"Are you serious? This is the worst experience I have ever had at KFC. I would honestly give this 0 stars if I could. Customer service is really bad. We ordered a combo meal, and didnâ€™t get asked what drinks we wanted and when we came back to the counter to ask the cashier if we could change some of the drinks, she started to roll her eyes and breathe heavy. Even when having more customers, 5 of them came out to a table and started pressing their phones. We had to go ask the counter which food was ours, no one said anything and it had stood there for 10 minutes. The normal chicken didnâ€™t taste anything except for oil. The spicy chicken was better but nothing to scream wow for. Really soggy and poor customer service. Would really recommend another KFC spot in ÄÃ  Náºµng. We might speak English, but we fully understand whatâ€™s being said of us in Viet.",negative
Lá»™c HÃ ,5 stars,"GÃ  ngon ráº¥t Ä‘áº­m gia vá»‹, cÃ¡c báº¡n order ráº¥t nhiá»‡t tÃ¬nh, mÃ¬nh cáº£m tháº¥y thoáº£i mÃ¡i vÃ  Ä‘Ã¡ng giÃ¡ vá»›i sá»‘ tiá»n mÃ¬nh Äƒn á»Ÿ Ä‘Ã¢y.",positive
Van Äá»“ng Nguyá»…n,5 stars,"Äá»‹a chá»‰ má»›i cá»§a KFC á»Ÿ ÄÃ  Náºµng,nhÃ¬n cÃ³ váº» thoÃ¡ng hÆ¡n cÃ¡c Ä‘á»‹a chá»‰ khÃ¡c",positive
Quá»‘c Win,5 stars,Ráº¥t tuyá»‡t vá»i má»i thá»© Ä‘á»u má»›i,positive
tien phan,1 star,Quáº£n lÃ½ thÃ´ lá»— vá»›i khÃ¡ch hÃ ng.,negative
Adam Holmes,4 stars,Clean and helpful not sure about about the chicken burger tasted like a potato cake,positive
HoÃ ng Nguyá»…n,5 stars,ngon quÃ¡ má»©c mong Ä‘á»£i,positive
Hiá»n Ngá»c,5 stars,"Ai chÆ°a Äƒn KFC thÃ¬ nÃªn thá»­ nhÃ©, thá»­ rá»“i sáº½ bá»‹ ghiá»n nhÆ° tÃ´i thÃ´i nÃ¨. GÃ  giÃ²n, tháº¥m Ä‘á»u Ä‘á»£i thÃªm nÆ°á»›c sá»‘t Ä‘áº­m vá»‹ ná»¯a. CÃ³ dáº¡o cÃ³ mÃ³n gÃ  hoÃ ng kim Ä‘Ãºng Ä‘á»‰nh mÃ  giá» háº¿t máº¥t rá»“i huhu",positive
mila nguyen,1 star,"Mua combo gÃ , má»³ Ã½, khoai tÃ¢y, nÆ°á»›c mÃ  nv chá»‰ giao gÃ , nÆ°á»›c, khoai tÃ¢y, thiáº¿u má»³,, ko kiá»ƒm tra hÃ ng trÆ°á»›c khi giao",negative
Zoltan Dusa,2 stars,"Food is good but I never get my order right anyways. Always a mistake. Always wrong. I never say anything or complain. Yesterday night we ordered food for dinner. They forgot some items and didn't reply when we wrote and tried to contact. At about midnight I wake up to them messaging me. I said kt was late and wrote them the next day. They wanted to send an awkward amount of food that doesn't even make a complete meal for someone that isn't even here for dinner anymore. Someone missed their dinner last night and this compensation is hilarious. I told them they could refund the amount but they wanted to offer to include a drink. Just basically the worst compensation for ruining dinner. I tried to tell the woman that called a story and she didn't care to hear it. I told her 3x I was at work, can't talk, and to please message. She just kept rambling on. Too frustrating just to get some chicken. ğŸ¤¦",negative
Gáº¥u,1 star,ThÃ¡i Ä‘á»™ phá»¥c vá»¥ cá»§a nhÃ¢n viÃªn Ä‘á»‘i vá»›i khÃ¡ch hÃ ng .quáº£n lÃ½ nÃªn xem xÃ©t láº¡i thÃ¡i Ä‘á»™ cá»§a nhÃ¢n viÃªn,negative
Dylan Le,2 stars,"The chicken is very mediocre,  chicken was dry and overpriced never going there again.",negative
Quá»‘c VÃµ,5 stars,QuÃ¡n lÃ m hÆ¡i lÃ¢u nghe,positive
Kim Ngoc,5 stars,"GÃ  á»Ÿ Ä‘Ã¢y siÃªu ngon, mÃ¬nh thÃ­ch Äƒn cÆ¡m gÃ  quay vá»›i bÃ¡nh trá»©ng á»Ÿ Ä‘Ã¢y cá»±c. NhÃ¢n viÃªn vui váº», dá»… thÆ°Æ¡ng",positive
Ná»¥ HÃ²ang,5 stars,"ThÃ­ch nháº¥t váº«n lÃ  mÃ³n gÃ  rÃ¡n KFC cÃ³ vá»‹ Ä‘áº­m Ä‘Ã , Äƒn má»™t miáº¿ng vÃ o miá»‡ng mÃ  nghe giÃ²n tan luÃ´n. Vote cho 5* nhÃ©",positive
Ngá»c TrÃ¢n,1 star,"HÃ´m nay mÃ¬nh Ä‘áº¿n kfc lÃºc 7h hÆ¡n ,lÃºc mÃ¬nh tá»›i cÅ©ng ko cÃ³ khÃ¡ch vÃ  chá»— cháº¡y lÃªn lá» Ä‘áº­u xe bá»‹ cháº·n bá»Ÿi xe hÆ¡i. mÃ  chá»— báº£o vá»‡ ngá»“i cÃ³ thá»ƒ dá»i qua cho mÃ¬nh lÃªn nhÆ°ng báº£o vá»‡ Ä‘Ã£ khÃ´ng Ä‘á»©ng dáº­y Ä‘á»“ng thá»i ko giÃºp mÃ¬nh tÃ¬m chá»• Ä‘á»ƒ xe. Táº¥t cáº£ cÃ¡c khÃ¡ch cÃ²n láº¡i ra vÃ´ quÃ¡n cx tá»± dáº¯t xe mÃ  báº£o vá»‡ chá»‰ ngá»“i nhÃ¬n hoáº·c Ä‘á»©ng nhÃ¬n. Báº£o vá»‡ ko cÃ³ tÃ¢m
Äá»“ Äƒn chá» khÃ¡ lÃ¢u,khÃ´ng gian táº¡m á»•n",negative
Russ Shatford,1 star,"Had delivery from this outlet yesterday. I specifically asked for breast and or side breast pieces. I received all thigh and leg pieces which I did not like. The chicken coating was soggy, very greasy and very lacking in flavour. I will never use again and would recommend people avoid.",negative
S LI,1 star,very bad,negative
Huy Min (huyhuyddt),1 star,"Tráº£i nghiá»‡m khÃ¡ tá»‡, sáº½ khÃ´ng ghÃ© chi nhÃ¡nh nÃ y láº§n 2
GÃ  khÃ¡ nhá» so vá»›i nÆ¡i khÃ¡c cÅ©ng kfc
NhÃ  vá»‡ sinh khÃ¡ bÃ©, lá»‘i Ä‘i vÃ o cÅ©ng bÃ© luÃ´n. KhÃ´ng hiá»ƒu ai thiáº¿t káº¿ ná»¯a
ThÃ¡i Ä‘á»™ nhÃ¢n viÃªn chÆ°a tá»‘t
NhÃ¢n viÃªn Ä‘Ã¹a giá»¡n nÃ³i chuyá»‡n quÃ¡ á»“n Ã o
Dá»¥ng cá»¥ Ä‘á»ƒ Äƒn nhÆ° nÄ©a thÃ¬ dÃ¹ng Ä‘á»“ nhá»±a khÃ¡ lÃ  áº»o lÃ£ khÃ´ng thá»ƒ giá»¯ thá»©c Äƒn, há»i nhÃ¢n viÃªn cÃ³ nÄ©a inox khÃ´ng thÃ¬ a áº¥y báº£o 5 phÃºt ná»¯a má»›i cÃ³, 5 phÃºt ná»¯a Äƒn xong vá» thÃ¬ cÃ³.",negative
Stats Miner,5 stars,Ráº¥t lÃ  ngonnn ğŸ¤¤,positive
phÆ°Æ¡ng uyÃªn,1 star,"Mua Ä‘á»“ Äƒn mang vá» nhÃ¢n viÃªn khÃ´ng bá» thÃªm sá»‘t,",negative
Augustino Phan,1 star,"TÃªn gá»i lÃ  Thá»©c Ä‚n Nhanh, nhÆ°ng tháº­t ra chá» ráº¥t lÃ¢u.
KhÃ¡ch ko cÃ³ bao nhiÃªu, nhÆ°ng od take a way hÆ¡n 30 phÃºt váº«n chÆ°a xong , ko hiá»ƒu nhÃ¢n viÃªn á»Ÿ Ä‘Ã¢y Ä‘Æ°á»£c training vÃ  quáº£n lÃ½ kiá»ƒu gÃ¬ ná»¯a...",negative
Jason Layton,1 star,"Honestly the worst customer service ever at a KFC out of every one Iâ€™ve been to worldwide. This place needs a manager who knows how to run a restaurant. Every time I eat here I get a stomach ache, been here 3 years and I still occasionally endure this just to get the home flavour of kfc. If you ever ask for a zinger burger you are waiting for 15-20 minutes. If you order one within 2 hours of closing you will simply be told â€œnoâ€. Tonight I decided to try a different chicken burger (no batter), because the zinger burger was unavailable as usual but decided to change the order to the shrimp burger literally 10 seconds after the cashier printed the bill and she told me no because the bill had been printed. I told her it wasnâ€™t a question and got a little angry and she then agreed. This place is frustrating and I will keep trying every 4 months or so hoping for improvement but Iâ€™m not holding my breath",negative
Duy Le,5 stars,"NhÃ¢n viÃªn thÃ¢n thiá»‡n, Ä‘á»“ Äƒn ngon.",positive
NhÃ¢n Nguyá»…n Thanh,3 stars,"ÄÃ¢y lÃ  slow food , khÃ´ng pháº£i fast food
Ráº¥t Ä‘Ã´ng nhÃ¢n viÃªn , nhÆ°ng chá»§ yáº¿u Ä‘á»©ng chá» báº¿p ra mÃ³n ! Vá»‹ Äƒn ngon , nhÃ¢n viÃªn nhiá»‡t tÃ¬nh nhÆ°ng chá» quÃ¡ lÃ¢u !",negative
Doan Duyen,5 stars,"MÃ³n Äƒn ngon, nhÃ¢n viÃªn nhiá»‡t tÃ¬nh",positive
Tráº§n VÄƒn HoÃ ,5 stars,QuÃ¡n yÃªu thÃ­ch cá»§a cÃ¡c báº¡n nhá»,positive
David Connors,4 stars,This is definitely KFC. I miss the lack of chicken salt though.,positive
Hai Van,2 stars,Ko gian cháº­t . pháº£i Ä‘á»• xe dÆ°á»›i lÃ²ng Ä‘Æ°á»ng . cháº¥t lÆ°á»£ng mÃ³n Äƒn tháº¥p,negative
my huynh,1 star,"Äáº·t 50 pháº§n gÃ  rÃ¡n mÃ  giao má»—i pháº§n miáº¿ng gÃ  quÃ¡ nhá» so vá»›i cÃ¡c chi nhÃ¡nh khÃ¡c mÃ¬nh tá»«ng Äƒn á»Ÿ ÄÃ  Náºµng, Ä‘Ã£ váº­y cÃ²n thiáº¿u tÆ°Æ¡ng á»›t, gá»i bá»• sung nhÆ°ng khÃ´ng mang Ä‘áº¿n! NhÃ¢n viÃªn cÃ²n quÃ¡ há»i há»£t!",negative
Kevin,1 star,"Poor KFC experience

Service was slow.
Chips stone cold but we're replaced.
Chicken burger tasted very off at which point I chalked it up to a loss and left.",negative
Linh Phamthi,1 star,"BÃ¬nh thÆ°á»ng cÅ©ng hay mua, vÃ´ kÃªu láº¥y máº¥y miáº¿ng gÃ  ko cay lÃ  máº¥y báº¡n ghi bill. Nay tá»± nhiÃªn cÃ³ báº¡n nhÃ¢n viÃªn Ä‘á»©ng tÆ° váº¥n báº£o láº¥y combo 90k. ThÃ¬ á»« láº¥y combo, xong láº¥y 2 miáº¿ng gÃ  bÃ¬nh thÆ°á»ng, 1 miáº¿ng gÃ  kfc. Vá» Ä‘Æ°á»£c 1 miáº¿ng gÃ  giÃ²n cÃ²n 2 miáº¿ng kia á»‰u xÃ¬u. Náº¿u mua gÃ  bÃ¬nh thÆ°á»ng váº­y mÃ¬nh tá»± lÃ m á»Ÿ nhÃ  Äƒn chá»© ra kfc chi trá»i. Náº£n. Tá»‘n tiá»n mÃ  rÆ°á»›c bá»±c mÃ¬nh ko tháº¥y hÃ i lÃ²ng xÃ­ nÃ o.",negative
VÃ¢n Nguyá»…n Thá»‹ Thanh,4 stars,"Äá»“ Äƒn á»•n, quÃ¡n Ä‘Ã´ng, á»“n Ã o",positive
duongvu vo,4 stars,Thá»©c Äƒn oke. NhÆ°ng tá»‘c Ä‘á»™ phá»¥c vá»¥ khÃ¡ cháº­m so vá»›i 1 quÃ¡n thá»©c Äƒn nhanh,positive
SÆ°Æ¡ng Nguyá»…n TrÆ°á»ng,1 star,NhÃ¢n viÃªn nÃ³i chuyá»‡n quÃ¡ á»“n. Ko Ä‘Æ°á»£c nháº¹ nhÃ n,negative
aeone advice,1 star,"Do not order for delivery they send whatever they want and when you complain could not care less, truly terrible quality and service.",negative
ThÆ°Æ¡ng Nguyá»…n,1 star,"ThÃ¡i Ä‘á»™ nhÃ¢n viÃªn khÃ´ng tá»‘t, Ä‘áº·c biá»‡t lÃ  quáº£n lÃ½. Gá»i order mÃ³n máº¥y láº§n má»›i nghe, quáº£n lÃ½ cÃ²n nÃ³i cÃ¢u ""em cÃ³ tháº¥y ai ráº£nh Ä‘á»ƒ order ko em"". MÃ¬nh lÃ  khÃ¡ch hÃ ng mua hÃ ng chá»© cÃ³ pháº£i Äƒn mÃ  ko tráº£ tiá»n Ä‘Ã¢u mÃ  thÃ¡i Ä‘á»™ kiá»ƒu Ä‘Ã³. Cháº¯c khÃ´ng cÃ³ láº§n sau quay láº¡i Ä‘Ã¢u",negative
Bryan Trinh,1 star,MÃ¬nh order dáº·n ká»¹ lÃ  Ä‘Ã¹i vÃ  mÃ¡ Ä‘Ã¹i. NhÆ°ng khi Ä‘em vá» nhÃ  thÃ¬ ko cÃ³ mÃ¡ Ä‘Ã¹i mÃ  thay báº±ng á»©c (lÃºc nháº­n cÅ©ng khÃ´ng nghe giáº£i thÃ­ch gÃ¬). Tháº­t lÃ  tháº¥t vá»ng!,negative
Sam Lim,5 stars,The delivery driver was very fast â© and the food was good but the chicken was kinda gross,positive
Tráº§n PhÆ°á»›c Gia Báº£o,1 star,"NhÃ¢n viÃªn nÃ³i chuyá»‡n cÆ°á»i giá»¡n háº¿t sá»©c á»“n Ã o. NgÆ°á»i nhÃ  cá»§a quÃ¡n Ä‘em con nÃ­t lÃªn Ä‘á»ƒ cháº¡y quanh quÃ¡n, la rÃ© inh á»i mÃ  k cÃ³ sá»± nháº¯c nhá»Ÿ tá»« phÃ­a ngÆ°á»i nhÃ . GÃ  quÃ¡ nhiá»u dáº§u, Äƒn ráº¥t ngáº¥y. NÃ³i chung lÃ  tá»« quáº£n lÃ½, nhÃ¢n viÃªn Ä‘áº¿n thá»©c Äƒn - TÃ”I KHÃ”NG HÃ€I LÃ’NG ÄÆ¯á»¢C CHá»– NÃ€O Cáº¢! LÃ m ngÃ nh dá»‹ch vá»¥ thÃ¬ nhÆ° váº­y lÃ  quÃ¡ tá»‡.",negative
Thá»‹ HoÃ i ThÆ°Æ¡ng Nguyá»…n,5 stars,"NhÃ  hÃ ng sáº¡ch sáº½, nhÃ¢n viÃªn thÃ¢n thiá»‡n dá»… thÆ°Æ¡ng order nhiá»‡t tÃ¬nh 10 Ä‘iá»ƒm",positive
Danny Son,1 star,"NhÃ¢n viÃªn á»Ÿ Ä‘Ã¢y thÃ¡i Ä‘á»™ khÃ´ng tá»‘t , lÃ m Ä‘á»“ Äƒn mÆ¡ há»“ , order má»™t Ä‘áº±ng lÃ m Ä‘áº±ng khÃ¡c , Ä‘á»£i khÃ¡ lÃ¢u Ä‘á»ƒ nháº­n mÃ³n",negative
Quoc Huy Nguyen,4 stars,"KhÃ´ng gian rá»™ng, mÃ¡t máº». Tuy nhiÃªn khÃ´ng biáº¿t cÃ³ pháº£i do Ä‘áº§u báº¿p rÃ¡n gÃ  á»Ÿ Ä‘Ã¢y tháº¿ nÃ o, chá»© gÃ  á»Ÿ Ä‘Ã¢y cÃ²n Ä‘á»ng dáº§u (má»¡) hÆ¡i nhiá»u hÆ¡n, nÃªn so vá»›i cá»­a hÃ ng KFC khÃ¡c thÃ¬ Äƒn khÃ´ng ngon báº±ng",positive
Jade Foord,1 star,Food was flavourless. Chicken was not crispy and had no seasoning. Chips were soft and werenâ€™t salty. Rubbish,negative
S RIS,1 star,"NhÃ¢n viÃªn phá»¥c vá»¥ thÃ¡i Ä‘á»™ khÃ´ng tá»‘t, quáº£n lÃ­ cÅ©ng nhÆ° váº­y luÃ´n :)) mÃ¬nh lÃ  khÃ¡ch mÃ¬nh tá»›i Äƒn láº§n Ä‘áº§u , Ä‘Ã  náºµng Ä‘Ã¡ng sá»‘ng nhÆ°ng ngÆ°á»i á»Ÿ Ä‘Ã¢y chÆ°a cháº¯c Ä‘Ã£ muá»‘n giao tiáº¿p :)",negative
wandering soul,5 stars,Visited several times always friendly welcoming staff and great tasting chicken as expected,positive
Stefan Jipa,1 star,Not eatable! It has nothing to do with the European KFC.,negative
Lá»… LÃª Trá»ng,1 star,"QuÃ¡n nháº­n vÃ  sáº¯p xáº¿p oder ráº¥t lá»™n xá»™n thiáº¿u chuyÃªn nghiá»‡p.
TÃ´i pháº£i Ä‘á»£i 30 phÃºt trong khi má»i ngÆ°á»i Ä‘áº¿n sau nhÆ°ng láº¡i lÃ m trÆ°á»›c. TÃ´i pháº£i complain thÃ¬ má»›i giáº£i quyáº¿t.
Äá» nghá»‹ xem xÃ©t láº¡i qui trÃ¬nh.
TÃ´i sáº½ Ä‘Ã¡nh giÃ¡ láº¡i sau.",negative
steven peh,3 stars,1st time trying KFC in Danang. Walked quite a distance from my hotel to get here. Overall ok. The staff is quite friendly. Taste wise for the chicken was ok. Prefer the ones in Singapore and Malaysia though.,negative
Tom Murray,5 stars,Seen a few people mention dry chicken? Not sure what they mean tasted like normal KFC to me! Very fast service,positive
Ãnh Ngá»c,1 star,nhÃ¢n viÃªn to tiáº¿ng hÃ©t tháº³ng vÃ o máº·t khÃ¡ch vÃ  khÃ´ng cho khÃ¡ch order,negative
Joseph Vh,3 stars,"It's KFC, you know what it is. In saying that, if you're not a local it's fun to see the vietnamese version and sometimes it's just nice to have some comfort food that you're used to. Oddly enough, they'll serve your drink in a glass if you're eating in, so it's a touch classier than back home.",negative
ChÃ­nh LÃª,2 stars,GÃ  cay nhÆ°ng Äƒn ráº¥t máº·n kiá»ƒu cho thÃªm muá»‘i vÃ o áº¥y dá»‹ch vá»¥ tá»‘t nhÆ°ng cháº¥t lÆ°á»£ng tá»‡ (Ä‘Ã£ Äƒn nhiá»u quÃ¡n trÃªn Ä‘á»‹a bÃ n nhÆ°ng quÃ¡n nÃ y tá»‡ nháº¥t),negative
Rhonda Helina,1 star,3 different days...3 different times....not once during busy hours....ALL 3 times NO ORIGINAL  chicken.   And a huge pile of spicy.  25 min wait so not even started till I requested it.,negative
nguyen thang,4 stars,"Ngon, nhÆ°g mÃ³n mÃ¬ Ã½ hÆ¡i Ã­t ,gÃ  hÆ¡i nhá» :))",positive
Leni,1 star,"- Ordered package of three chicken wings but when I checked home, there is only one and half wings ???!!!

-There is blood inside the chicken wings

- the promotion said there is Pepsi included but we didnâ€™t received it

Terrible ğŸ‘",negative
Jeffrey Stalvey,2 stars,"Sick to my stomach twice now! Too much salt on a simple chicken, rice lettuce.",negative
Giang Ung,5 stars,KFC LÃª DUáº¨N - NGUYá»„N THá»Š MINH Khai..,positive
Minh Nguyá»…n Thá»‹,5 stars,Good cháº¥t lÆ°á»£ng,positive
Sweta Subhashree,5 stars,Amazing food. Good for Indians who are in search of chicken options in Vietnam,positive
Son Mai,4 stars,Máº·t Ä‘Æ°á»ng Nguyá»…n VÄƒn Thoáº¡i,positive
BÃ¬nh TÃº Nguyá»…n,5 stars,Very nice â¤ï¸,positive
Vinh Nguyá»…n xuÃ¢n,4 stars,"Táº¡m á»•n , hÆ¡i Ä‘áº¯t so vs máº·t báº±ng chung",positive
J P.,1 star,Very bad. The food is cold and they don't cook the food very well. Better options is try the combo in Pizza Hot or Jolybee,negative
MINH THONG LE,4 stars,"HÃ´m nay vá»‹ cÃ³ váº» hÆ¡i máº·n thÃ¬ pháº£i, á»©c gÃ  má»m thÆ¡m ngon",positive
Duncan Wierman,2 stars,Not like American KFC st all.  Super small sides and chicken wasn't fried right,negative
Tuan Anh,1 star,NhÃ¬n viÃªn phá»¥c vá»¥ Thiáº¿u chuyÃªn nghiá»‡p tá»• ve khÃ³ chá»‹u vá»›i shipper,negative
Huá»³nh Minh Viá»‡t,2 stars,"GÃ  cáº¥p Ä‘Ã´ng nÃªn Äƒn bá»‹ bá»Ÿ, chiÃªn bá»‹ sÅ©ng dáº§u, mau ngÃ¡n.",negative
my30a realty,5 stars,Amazing!!,positive
RON NGUYEN (BO),5 stars,Ngon ngon Táº¿t váº«n ko tÄƒng giÃ¡,positive
TÃ¢n Tony,2 stars,NÆ°Æ¡Ìc sÃ´Ìt k ngon. VoÌ‰ gaÌ€ k gioÌ€n. NguÃ´Ì£i,negative
TrÃ­ Trung,1 star,NhÃ¢n viÃªn vÃ  cÃ¡ch phá»¥c vá»¥ khÃ´ng tá»‘t,negative
Yuanyuan Zhang,1 star,"Their Google page said closed at 10pm, but the store sign showed closed at 9:30pm. Waste my time to walk here for nothing! Unbearable mistake and disorganized KFC!",negative
nghiale trong,5 stars,MÃ³n Äƒn Æ°a thÃ­ch phá»¥c vá»¥ tá»‘t,positive
insani rahmi,5 stars,"Missing some fried chicken, here we go",positive
Luom Pham,1 star,NhÃ¢n viÃªn LÃ m Äƒn cháº­m cháº¡p.....,negative
Colin Devaney,3 stars,Never has original recipe chicken. There's no other reason I go there.,negative
Tyson Bob,1 star,Did not have chicken breast at 8pm. ğŸ™„ â€¦,negative
thien pham,2 stars,Bad food,negative
Matthew Mayer,4 stars,Good food but very noisy staff,positive
Dulcie Nguyá»…n,5 stars,QuÃ¡ ngon,positive
Vicky Wilhelm,1 star,Consider it  minus 5stars,negative
VÄƒn Nam Tráº§n,1 star,thá»©c Äƒn khÃ´ng Ä‘áº£m báº£o. Äƒn Ä‘au bá»¥ng,negative
ThÆ°Æ¡ng Nguyá»…n VÄƒn,5 stars,"Sáº¡ch sáº½ thoÃ¡ng mÃ¡t , mÃ¡y láº¡nh mÃ¡t",positive
Trang Ha Art,5 stars,Khoai tÃ¢y chiÃªn ngon,positive
sanh tran,5 stars,Tuyá»‡t vá»i,positive
Tháº£o UyÃªn LÃª Ngá»c,5 stars,i felt so relaxing,positive
QÃºy Minh,5 stars,GÃ  ráº¥t ngon,positive
Construction Danang,5 stars,Ráº¥t ok,positive
phÆ°á»£t xa,1 star,Uá»›c gÃ¬ cÃ³ Ã¢m sao,negative
Raymond Crawford,3 stars,Same as any kfc store,negative
Äá»©c Hanigo,5 stars,Sáº¡ch sáº½,positive
Hike To the Sky,5 stars,"Great food, great promotion",positive
Ravi Subbiah,5 stars,A nice place to dine quickly,positive
Cáº£nh ÄÃ o há»“ng,4 stars,Ä‚n ngon,positive
Nguyá»…n Há»¯u LÃ¢m,5 stars,Delicious,positive
hong trieu,4 stars,Ngon,positive
TMV,5 stars,Good,positive
HoÃ ng Pháº¡m VÆ°Æ¡ng,5 stars,"Dá»‹nh vá»¥ tá»‘t, Ä‘á»“ Äƒn cháº¥t lÆ°á»£ng cho cÃ¡c chÃ¡u <3",positive
Nháº­t Háº¡ Nguyá»…n,5 stars,"Äá»“ Äƒn ngon, dá»‹ch vá»¥ chu Ä‘Ã¡o, tráº£i nghiá»‡m tuyá»‡t vá»i",positive
Quang Ká»³,5 stars,QuÃ¡ tuyá»‡t vá»i tá»« khÃ¢u phá»¥c vá»¥ tá»›i cháº¥t lÆ°á»£ng Ä‘á»“ Äƒn,positive
Achiu Bang,5 stars,"KhÃ´ng gian sáº¡ch sáº½, nhÃ¢n viÃªn nhiá»‡t tÃ¬nh dá»… thÆ°Æ¡ng",positive
Sean Ko,3 stars,"It's definitely good because it's cheap, but it's a shame that it tastes cheap. I heard they said they didn't have chocolate ice cream, so I ordered a chocolate sundae, but it would be much better to eat ice cream at MIXUE right next door. However, it is true that it is a taste that cannot be eaten comfortably in Vietnam, where spices are strong.",negative
David Y,3 stars,"There are few burger choices. The menu is very small compared to Korea. In terms of price, it is expensive compared to prices in Vietnam, but cheaper than Korea. However, the thickness of the burger is thinner than in Korea. The short and spicy taste of the Zinger Burger is okay.",negative
mark galysh,1 star,"Terrible. The taste of the food was okay but the service was a disaster, I simply got something different than what I ordered and when I asked they said the chicken wings were out. 5 minutes later another customer got chicken wings. We also saw an employee come out of the toilet and run straight into the kitchen without washing his hands. Without words...",negative
Ğ’Ğ°Ğ»ĞµÑ€Ğ¸Ğ¹ Ğ—Ğ¾Ğ»Ğ¾Ñ‚Ğ¾Ğ²,2 stars,"Very inattentive staff, the order was without ice, they made it with ice, then they used a spoon to catch ice from all the glasses. I asked if the chicken was spicy, they said no, but it turns out it was spicy. (Maybe, of course, itâ€™s not spicy for the locals) Next I ordered 3 ice creams and they hit two. I had to order it before.",negative
Rumpel Shtiltchen,5 stars,"I have never tasted better KFS, clean, cool and incredibly tasty. The shrimp burger is top notch and also cheaper than chicken. Add to favorites",positive
ìœ¤ì •ìš°,1 star,"Just pass. If you think it is Korean KFC, you are mistaken.",negative
ê¹€ì˜ë•,1 star,"The delivery driver didn't give me change because he said he didn't have any change lol.
Because of that delivery driver, I won't order KFC from now on.",negative
hyeon ko,4 stars,"I don't really like chicken, but it's the most delicious chicken I've ever eaten. It's crispy and light without any oil. (Personal preference - I don't like salty food)
The downside to hamburgers is that they donâ€™t have many vegetables.
The price is very affordable and I was so full that I couldnâ€™t eat the whole set!",positive
Boxer Youtube,1 star,"The price is cheaper than in Korea. A Zinger burger set costs about 68,000 dong.
The important thing is that it doesn't taste good. Why? Vietnamese chicken itself is tasteless chicken. Don't eat chicken in Vietnam, eat beef instead^^",negative
ì´ìš°ì¬,1 star,"I ordered and ate it at the hotel.  6 pieces of chicken and one Zinger burger. Delicious.  But we all had a big mouth and were happy the next day. Really, I was so happy.",negative
Ğ¢Ğ°Ñ‚ÑŒÑĞ½Ğ° ĞĞµĞ²Ğ°Ğ¶Ğ½Ğ¾,5 stars,"A separate tip for Russian tourists - if you want more soda, say â€œPepsiâ€ at the checkout, say â€œcollaâ€ and youâ€™ll end up in a similar-sounding (in Vietnamese) ice cream shop. ğŸ™ˆ The ice cream is not bad, by the way, as it turned out. â€¦",positive
Kristin Siburian,4 stars,"When you're bored of eating Pho, eat KFC ğŸ˜†",positive
Mirko Capelletti,4 stars,Typical fast food. We jumped in because we were hoping for a free refill but unfortunately we were wrong. Excellent chicken.,positive
ì´ìƒí™”,5 stars,"Open from 10-22 p.m.
crowded with people
Ordered Chicken Combo C1 Set (most of the menu is in Vietnamese, so order by number)
I thought it was a set consisting of potato salad, 2 pieces of chicken, cola, and coleslaw, but I received 2 pieces of chicken, a cola, and French fries.
I don't know Vietnamese, so I don't know what's wrong.
Nevertheless, the chicken is so delicious!",positive
Ha. Chef,4 stars,"The chicken is not salted
Those who like low salt will be fine.",positive
ìˆœìˆ˜í•œí˜,2 stars,It has no taste and the atmosphere is not good.,negative
blaze,4 stars,"The hamburger is delicious, but it tastes local.",positive
Airin Thanasombatwat,4 stars,Thai sauce is more delicious.,positive
×¢×“×™ ×¡×˜×¨×•×œ,3 stars,The food is reasonable. Difficulty communicating with the employees because they do not speak English,negative
toto surf,1 star,Long wait because priority is given to grabs.... Nothing to do with the KFC standard,negative
ì´ë™ìˆ˜,2 stars,The best chicken I've ever had in my life.,negative
ì‚´í‘¼,5 stars,You can experience a global taste,positive
Rui Yi Gan,4 stars,Rare fastfood find in da nang,positive
ìœ ì§„í˜¸,5 stars,"Burger 51,000vnd.  3 pieces of chicken 99,000vnd satisfied",positive
Ludek CagaÅ¡,5 stars,Beautiful portions. Nice environment.,positive
ê¹€íƒœìš°,5 stars,"I like it because it's not too crowded.
The staff are also friendly.",positive
made well,2 stars,There is no liver in the chicken. It tastes cheap. I don't really like it,negative
Verusa,5 stars,"Nice selection, fast service",positive
mr. majed,5 stars,Awesome,positive
DAVID AHN PARK,3 stars,I can eat hamburgers just like that.,negative
Hyunjin Kim,5 stars,"It's a discount event so it's going on Tuesday, Wednesday and Thursday.",positive
kpblcke,3 stars,"The usual KFC, no more, no less.",negative
í™©ê²½ì‹,4 stars,John Mattaengâ€™s No. 1 restaurant,positive
Anh Nguyen,3 stars,Mr,negative
lars tenmann,4 stars,Good chicken burger,positive
ì „ì •í˜¸[ë‚˜ì§±jwë¼íƒ„ë°±] (CAPHE SUE DA ì¹´í˜ì“°ì–´ë‹¤),5 stars,Highly recommended,positive
ê°•ì¤€êµ¬,1 star,Lee Yong-gyunâ€™s squirrel,negative
ë‹¤ë‚­ë¶€ì‚°ì´ë°œê´€,1 star,It's a good idea,negative
il sin Jung,5 stars,KFC,positive
